title,company,location,salary,description,skills
Data Scientist,Cloudify,Mumbai,1254470,Looking for a passionate developer to build scalable applications.,"Machine Learning, React, Pandas, Django, Docker"
Frontend Developer,TechNova,Kolkata,778833,Work on cutting-edge technologies and collaborate with a dynamic team.,"JavaScript, SQL, Machine Learning, AWS, Docker"
Backend Developer,DataCorp,Delhi,1199217,Work on cutting-edge technologies and collaborate with a dynamic team.,"Machine Learning, AWS, JavaScript"
UI/UX Designer,AlgoEdge,Delhi,1335367,Design and implement modern web interfaces.,"AWS, Docker, Django"
DevOps Engineer,DataCorp,Pune,2311745,Analyze data and build predictive models.,"TensorFlow, AWS, SQL, Python, React"
Software Engineer,Cloudify,Mumbai,916767,Analyze data and build predictive models.,"SQL, Python, Docker, TensorFlow, React"
Software Engineer,NextGen Labs,Pune,2352970,Develop and maintain high-quality software solutions.,"React, Machine Learning, TensorFlow, JavaScript"
Software Engineer,Cloudify,Pune,1426261,Work on cutting-edge technologies and collaborate with a dynamic team.,"SQL, JavaScript, Python, Pandas, React"
Software Engineer,TechNova,Chennai,2073268,Looking for a passionate developer to build scalable applications.,"React, Pandas, Docker, AWS"
Backend Developer,WebSphere,Delhi,1451616,Develop and maintain high-quality software solutions.,"Python, Django, Docker"
UI/UX Designer,NextGen Labs,Hyderabad,1971957,Work on cutting-edge technologies and collaborate with a dynamic team.,"Docker, Pandas, Django"
Data Scientist,TechNova,Chennai,534667,Looking for a passionate developer to build scalable applications.,"TensorFlow, Python, Pandas, AWS, Machine Learning"
Data Scientist,AlgoEdge,Hyderabad,1880298,Develop and maintain high-quality software solutions.,"TensorFlow, SQL, Machine Learning"
Backend Developer,CodeWorks,Chennai,507757,Develop and maintain high-quality software solutions.,"AWS, Pandas, React"
Frontend Developer,CodeWorks,Mumbai,566900,Design and implement modern web interfaces.,"Machine Learning, SQL, Django"
Data Scientist,ByteForge,Bangalore,434593,Develop and maintain high-quality software solutions.,"JavaScript, TensorFlow, Python, Machine Learning"
Data Scientist,Cloudify,Chennai,423895,Analyze data and build predictive models.,"Machine Learning, Django, Pandas"
Frontend Developer,WebSphere,Remote,2250143,Work on cutting-edge technologies and collaborate with a dynamic team.,"Django, Machine Learning, AWS, Docker"
Full Stack Developer,CodeWorks,Kolkata,2182190,Develop and maintain high-quality software solutions.,"SQL, Docker, Machine Learning, Pandas, React"
UI/UX Designer,WebSphere,Bangalore,1031357,Design and implement modern web interfaces.,"React, Python, TensorFlow, Pandas"
Data Scientist,CodeWorks,Delhi,1473071,Design and implement modern web interfaces.,"TensorFlow, SQL, Pandas, Docker"
DevOps Engineer,ByteForge,Mumbai,1240230,Analyze data and build predictive models.,"AWS, Python, Docker, TensorFlow, Pandas"
DevOps Engineer,CodeWorks,Hyderabad,1439917,Work on cutting-edge technologies and collaborate with a dynamic team.,"React, SQL, Django, TensorFlow"
Full Stack Developer,ByteForge,Mumbai,581135,Analyze data and build predictive models.,"JavaScript, React, Pandas, Docker, Python"
Full Stack Developer,WebSphere,Hyderabad,1837817,Design and implement modern web interfaces.,"Docker, SQL, AWS, TensorFlow, React"
Software Engineer,AlgoEdge,Bangalore,1134048,Work on cutting-edge technologies and collaborate with a dynamic team.,"SQL, Machine Learning, Pandas, Django, TensorFlow"
Python Developer,CodeWorks,Bangalore,473184,Design and implement modern web interfaces.,"Docker, AWS, Machine Learning, JavaScript, Django"
DevOps Engineer,ByteForge,Kolkata,1612989,Work on cutting-edge technologies and collaborate with a dynamic team.,"Pandas, Django, Docker, React, JavaScript"
UI/UX Designer,AlgoEdge,Chennai,1664296,Looking for a passionate developer to build scalable applications.,"Django, Docker, Pandas"
Full Stack Developer,WebSphere,Hyderabad,1044382,Looking for a passionate developer to build scalable applications.,"Python, AWS, Django, JavaScript"
Data Scientist,WebSphere,Remote,1120199,Develop and maintain high-quality software solutions.,"SQL, AWS, Docker"
Python Developer,CodeWorks,Mumbai,426266,Analyze data and build predictive models.,"AWS, Django, Pandas, React"
UI/UX Designer,WebSphere,Chennai,1467368,Analyze data and build predictive models.,"AWS, Docker, JavaScript, Django"
Software Engineer,DataCorp,Hyderabad,1054948,Develop and maintain high-quality software solutions.,"SQL, Docker, React"
Software Engineer,InnoSoft,Hyderabad,1339311,Analyze data and build predictive models.,"Django, AWS, SQL, Pandas, Python"
Data Analyst,AlgoEdge,Kolkata,1927637,Develop and maintain high-quality software solutions.,"SQL, TensorFlow, Python"
Frontend Developer,Cloudify,Pune,2107240,Looking for a passionate developer to build scalable applications.,"Django, Machine Learning, React, AWS, Docker"
DevOps Engineer,ByteForge,Chennai,2147721,Looking for a passionate developer to build scalable applications.,"Django, JavaScript, React"
Data Scientist,DataCorp,Bangalore,1775708,Work on cutting-edge technologies and collaborate with a dynamic team.,"SQL, TensorFlow, Machine Learning"
Software Engineer,Cloudify,Pune,1524497,Analyze data and build predictive models.,"Pandas, Machine Learning, SQL, React"
DevOps Engineer,TechNova,Hyderabad,495630,Analyze data and build predictive models.,"Pandas, Machine Learning, AWS, React"
DevOps Engineer,CodeWorks,Bangalore,1428493,Develop and maintain high-quality software solutions.,"Machine Learning, AWS, Python"
UI/UX Designer,AI Solutions,Bangalore,1544115,Looking for a passionate developer to build scalable applications.,"React, AWS, TensorFlow, Docker"
Data Scientist,AI Solutions,Pune,2018748,Work on cutting-edge technologies and collaborate with a dynamic team.,"SQL, AWS, Pandas, JavaScript"
Data Analyst,CodeWorks,Kolkata,865880,Design and implement modern web interfaces.,"React, Django, Pandas, AWS, Docker"
Data Scientist,CodeWorks,Hyderabad,868031,Develop and maintain high-quality software solutions.,"Docker, TensorFlow, React, AWS, Pandas"
Software Engineer,InnoSoft,Delhi,719615,Analyze data and build predictive models.,"React, Django, TensorFlow"
Frontend Developer,InnoSoft,Chennai,1562157,Design and implement modern web interfaces.,"React, AWS, JavaScript, SQL, Machine Learning"
Data Analyst,TechNova,Chennai,383472,Looking for a passionate developer to build scalable applications.,"JavaScript, React, Pandas, Python"
DevOps Engineer,AlgoEdge,Mumbai,1278045,Analyze data and build predictive models.,"SQL, Python, AWS"
Data Analyst,AlgoEdge,Pune,1340900,Develop and maintain high-quality software solutions.,"Python, Docker, SQL"
UI/UX Designer,CodeWorks,Pune,858710,Design and implement modern web interfaces.,"Python, React, TensorFlow"
Data Scientist,CodeWorks,Delhi,1956864,Analyze data and build predictive models.,"Docker, React, TensorFlow, AWS, JavaScript"
UI/UX Designer,ByteForge,Remote,968380,Design and implement modern web interfaces.,"Django, Machine Learning, React, JavaScript, AWS"
DevOps Engineer,NextGen Labs,Kolkata,1232076,Looking for a passionate developer to build scalable applications.,"Docker, JavaScript, TensorFlow, React, AWS"
Machine Learning Engineer,CodeWorks,Pune,1352161,Looking for a passionate developer to build scalable applications.,"Python, TensorFlow, AWS"
Full Stack Developer,WebSphere,Remote,1322942,Develop and maintain high-quality software solutions.,"Django, React, Python, JavaScript"
DevOps Engineer,AlgoEdge,Kolkata,628797,Design and implement modern web interfaces.,"Machine Learning, React, TensorFlow"
Full Stack Developer,AlgoEdge,Chennai,2296080,Looking for a passionate developer to build scalable applications.,"Pandas, Machine Learning, Python, JavaScript"
Data Scientist,AlgoEdge,Bangalore,1672491,Work on cutting-edge technologies and collaborate with a dynamic team.,"Machine Learning, React, TensorFlow, Docker"
Machine Learning Engineer,DataCorp,Chennai,1760612,Work on cutting-edge technologies and collaborate with a dynamic team.,"React, SQL, TensorFlow, AWS"
Data Analyst,TechNova,Delhi,390591,Develop and maintain high-quality software solutions.,"Python, JavaScript, TensorFlow, Django, SQL"
Python Developer,DataCorp,Hyderabad,1005708,Analyze data and build predictive models.,"Python, Pandas, React, TensorFlow"
Frontend Developer,DataCorp,Chennai,2337294,Design and implement modern web interfaces.,"TensorFlow, Python, Django"
Backend Developer,AlgoEdge,Delhi,814418,Develop and maintain high-quality software solutions.,"Pandas, TensorFlow, SQL, Machine Learning, React"
Software Engineer,InnoSoft,Delhi,393071,Analyze data and build predictive models.,"TensorFlow, React, AWS, SQL, JavaScript"
Machine Learning Engineer,CodeWorks,Pune,1361063,Work on cutting-edge technologies and collaborate with a dynamic team.,"Django, SQL, JavaScript"
Full Stack Developer,CodeWorks,Mumbai,1872446,Develop and maintain high-quality software solutions.,"SQL, AWS, Python, Pandas"
Data Scientist,AI Solutions,Mumbai,2441070,Design and implement modern web interfaces.,"Machine Learning, JavaScript, SQL"
Backend Developer,InnoSoft,Bangalore,2479517,Design and implement modern web interfaces.,"Machine Learning, React, SQL"
Software Engineer,ByteForge,Kolkata,468523,Design and implement modern web interfaces.,"Docker, JavaScript, Machine Learning, TensorFlow, Python"
UI/UX Designer,DataCorp,Kolkata,1571047,Looking for a passionate developer to build scalable applications.,"Machine Learning, Python, TensorFlow"
Backend Developer,Cloudify,Mumbai,2159616,Looking for a passionate developer to build scalable applications.,"Django, AWS, JavaScript, SQL"
Data Scientist,AlgoEdge,Pune,1989473,Develop and maintain high-quality software solutions.,"SQL, JavaScript, Pandas"
Machine Learning Engineer,NextGen Labs,Chennai,417617,Develop and maintain high-quality software solutions.,"JavaScript, TensorFlow, Python, Pandas"
Python Developer,AI Solutions,Delhi,1411464,Develop and maintain high-quality software solutions.,"JavaScript, Pandas, AWS, Python"
Frontend Developer,ByteForge,Hyderabad,1386080,Work on cutting-edge technologies and collaborate with a dynamic team.,"SQL, Docker, Python, Django"
Software Engineer,NextGen Labs,Mumbai,1299033,Work on cutting-edge technologies and collaborate with a dynamic team.,"JavaScript, React, Python"
Machine Learning Engineer,NextGen Labs,Delhi,1085201,Looking for a passionate developer to build scalable applications.,"TensorFlow, Pandas, SQL"
Data Scientist,WebSphere,Chennai,980129,Develop and maintain high-quality software solutions.,"JavaScript, Machine Learning, SQL"
UI/UX Designer,InnoSoft,Kolkata,901219,Design and implement modern web interfaces.,"Pandas, Django, React, TensorFlow"
Machine Learning Engineer,ByteForge,Pune,775145,Looking for a passionate developer to build scalable applications.,"Python, JavaScript, AWS"
Software Engineer,TechNova,Remote,1763488,Develop and maintain high-quality software solutions.,"Docker, SQL, AWS, React"
Python Developer,NextGen Labs,Hyderabad,1716455,Looking for a passionate developer to build scalable applications.,"Docker, React, Python, SQL"
Python Developer,Cloudify,Hyderabad,2439675,Looking for a passionate developer to build scalable applications.,"SQL, Python, Django"
Python Developer,Cloudify,Hyderabad,1122875,Develop and maintain high-quality software solutions.,"TensorFlow, Python, Docker, SQL, JavaScript"
Python Developer,WebSphere,Hyderabad,1945657,Looking for a passionate developer to build scalable applications.,"JavaScript, Pandas, AWS"
Full Stack Developer,CodeWorks,Hyderabad,1280140,Work on cutting-edge technologies and collaborate with a dynamic team.,"Docker, AWS, Machine Learning"
Data Scientist,ByteForge,Mumbai,1978339,Develop and maintain high-quality software solutions.,"React, Machine Learning, Python, SQL"
Full Stack Developer,WebSphere,Kolkata,1188877,Work on cutting-edge technologies and collaborate with a dynamic team.,"Django, Docker, Machine Learning, JavaScript"
Backend Developer,InnoSoft,Bangalore,2423287,Looking for a passionate developer to build scalable applications.,"TensorFlow, React, Python"
Data Analyst,TechNova,Remote,1057890,Design and implement modern web interfaces.,"Docker, JavaScript, Django"
Full Stack Developer,TechNova,Delhi,2386338,Looking for a passionate developer to build scalable applications.,"JavaScript, React, Pandas, TensorFlow"
Backend Developer,AI Solutions,Hyderabad,1196818,Develop and maintain high-quality software solutions.,"Machine Learning, Pandas, JavaScript"
Machine Learning Engineer,InnoSoft,Delhi,1440041,Work on cutting-edge technologies and collaborate with a dynamic team.,"Django, JavaScript, Docker, React"
Full Stack Developer,TechNova,Pune,1261017,Design and implement modern web interfaces.,"Django, Machine Learning, SQL, JavaScript, React"
Machine Learning Engineer,AlgoEdge,Delhi,1413531,Looking for a passionate developer to build scalable applications.,"Docker, React, Machine Learning, TensorFlow, JavaScript"
Python Developer,AI Solutions,Bangalore,1146414,Design and implement modern web interfaces.,"Machine Learning, TensorFlow, Docker, JavaScript"
DevOps Engineer,CodeWorks,Chennai,2300766,Work on cutting-edge technologies and collaborate with a dynamic team.,"Django, TensorFlow, SQL"
DevOps Engineer,AI Solutions,Delhi,2461984,Work on cutting-edge technologies and collaborate with a dynamic team.,"Django, Pandas, Python"
Software Engineer,DataCorp,Delhi,1527502,Looking for a passionate developer to build scalable applications.,"Django, Machine Learning, Pandas"
DevOps Engineer,DataCorp,Mumbai,882231,Develop and maintain high-quality software solutions.,"Pandas, JavaScript, Django"
Backend Developer,TechNova,Delhi,1121420,Design and implement modern web interfaces.,"TensorFlow, AWS, Machine Learning, React, Django"
Python Developer,ByteForge,Remote,2028280,Analyze data and build predictive models.,"AWS, Docker, SQL, Pandas"
Software Engineer,AI Solutions,Chennai,1140468,Design and implement modern web interfaces.,"Machine Learning, TensorFlow, AWS, Python"
DevOps Engineer,DataCorp,Kolkata,1832652,Design and implement modern web interfaces.,"Machine Learning, Django, Python, React, SQL"
DevOps Engineer,DataCorp,Remote,2278983,Looking for a passionate developer to build scalable applications.,"SQL, Django, Pandas"
Software Engineer,TechNova,Mumbai,1087023,Work on cutting-edge technologies and collaborate with a dynamic team.,"Machine Learning, SQL, Pandas, Docker, TensorFlow"
UI/UX Designer,InnoSoft,Delhi,1210397,Analyze data and build predictive models.,"Machine Learning, React, TensorFlow, SQL"
Backend Developer,DataCorp,Bangalore,1413621,Work on cutting-edge technologies and collaborate with a dynamic team.,"Python, Docker, Django"
Python Developer,TechNova,Pune,2243414,Analyze data and build predictive models.,"Docker, TensorFlow, AWS, SQL, Pandas"
Data Analyst,TechNova,Chennai,1115312,Analyze data and build predictive models.,"TensorFlow, React, SQL"
Full Stack Developer,TechNova,Mumbai,2085013,Develop and maintain high-quality software solutions.,"JavaScript, AWS, Machine Learning, React"
Frontend Developer,ByteForge,Bangalore,1126024,Work on cutting-edge technologies and collaborate with a dynamic team.,"SQL, AWS, Python, Django"
Frontend Developer,Cloudify,Mumbai,1399864,Design and implement modern web interfaces.,"Pandas, React, AWS, Django, Machine Learning"
Full Stack Developer,NextGen Labs,Kolkata,2248883,Work on cutting-edge technologies and collaborate with a dynamic team.,"TensorFlow, Docker, React, AWS"
Machine Learning Engineer,TechNova,Pune,2356678,Looking for a passionate developer to build scalable applications.,"Pandas, Machine Learning, JavaScript"
Python Developer,InnoSoft,Remote,823954,Looking for a passionate developer to build scalable applications.,"Docker, Pandas, TensorFlow"
Backend Developer,NextGen Labs,Delhi,1427813,Develop and maintain high-quality software solutions.,"Machine Learning, React, SQL, Python, Pandas"
Backend Developer,WebSphere,Bangalore,979249,Work on cutting-edge technologies and collaborate with a dynamic team.,"Machine Learning, AWS, TensorFlow, React, Docker"
Full Stack Developer,CodeWorks,Mumbai,912545,Develop and maintain high-quality software solutions.,"Pandas, Python, TensorFlow"
Software Engineer,CodeWorks,Pune,1756245,Work on cutting-edge technologies and collaborate with a dynamic team.,"Pandas, Docker, AWS, Machine Learning"
Full Stack Developer,DataCorp,Chennai,660531,Looking for a passionate developer to build scalable applications.,"Docker, JavaScript, Pandas, TensorFlow"
Full Stack Developer,NextGen Labs,Chennai,405021,Work on cutting-edge technologies and collaborate with a dynamic team.,"AWS, Pandas, Docker, TensorFlow, JavaScript"
Backend Developer,Cloudify,Hyderabad,1421582,Design and implement modern web interfaces.,"JavaScript, Python, AWS, React"
UI/UX Designer,CodeWorks,Mumbai,635369,Design and implement modern web interfaces.,"Django, SQL, AWS"
Backend Developer,ByteForge,Remote,1915780,Analyze data and build predictive models.,"Docker, SQL, Machine Learning"
Python Developer,AlgoEdge,Remote,575304,Analyze data and build predictive models.,"Pandas, Django, JavaScript, Docker, SQL"
DevOps Engineer,WebSphere,Chennai,2286221,Analyze data and build predictive models.,"Machine Learning, Django, Docker, TensorFlow, AWS"
Data Analyst,Cloudify,Hyderabad,2266029,Analyze data and build predictive models.,"AWS, React, Django"
DevOps Engineer,NextGen Labs,Hyderabad,2389915,Analyze data and build predictive models.,"TensorFlow, JavaScript, Machine Learning, AWS, Django"
Python Developer,ByteForge,Mumbai,1869154,Develop and maintain high-quality software solutions.,"JavaScript, SQL, Docker"
Full Stack Developer,TechNova,Mumbai,806458,Analyze data and build predictive models.,"JavaScript, Python, Docker, Pandas, TensorFlow"
Frontend Developer,TechNova,Hyderabad,547000,Analyze data and build predictive models.,"Python, SQL, Django, Pandas"
Python Developer,WebSphere,Chennai,1509846,Analyze data and build predictive models.,"Django, React, JavaScript, SQL"
Full Stack Developer,InnoSoft,Remote,635004,Looking for a passionate developer to build scalable applications.,"Docker, SQL, Machine Learning, Pandas"
Backend Developer,NextGen Labs,Delhi,317952,Analyze data and build predictive models.,"JavaScript, Django, SQL, React"
Data Analyst,NextGen Labs,Mumbai,1751428,Work on cutting-edge technologies and collaborate with a dynamic team.,"JavaScript, Django, Docker"
Backend Developer,NextGen Labs,Remote,2287594,Analyze data and build predictive models.,"Python, AWS, SQL, Docker, React"
Machine Learning Engineer,DataCorp,Hyderabad,1039854,Analyze data and build predictive models.,"Python, JavaScript, Django, Machine Learning"
Backend Developer,AI Solutions,Chennai,542867,Analyze data and build predictive models.,"Python, TensorFlow, Pandas, Django"
UI/UX Designer,ByteForge,Pune,1376639,Work on cutting-edge technologies and collaborate with a dynamic team.,"Pandas, AWS, React"
Software Engineer,DataCorp,Bangalore,1458570,Develop and maintain high-quality software solutions.,"Django, Python, React, JavaScript, Machine Learning"
Data Analyst,InnoSoft,Pune,2136526,Develop and maintain high-quality software solutions.,"AWS, Docker, SQL, Pandas"
Machine Learning Engineer,ByteForge,Hyderabad,1366015,Design and implement modern web interfaces.,"Pandas, Machine Learning, JavaScript"
Data Scientist,CodeWorks,Delhi,835881,Design and implement modern web interfaces.,"Machine Learning, Docker, Pandas, AWS"
Python Developer,DataCorp,Pune,1494488,Design and implement modern web interfaces.,"Machine Learning, SQL, Django, Pandas"
Machine Learning Engineer,DataCorp,Delhi,1702185,Design and implement modern web interfaces.,"Django, AWS, Pandas, JavaScript"
Data Analyst,TechNova,Bangalore,1662633,Analyze data and build predictive models.,"Machine Learning, Django, AWS"
Backend Developer,WebSphere,Hyderabad,754341,Work on cutting-edge technologies and collaborate with a dynamic team.,"React, Python, Machine Learning, AWS, TensorFlow"
Full Stack Developer,TechNova,Bangalore,1721050,Design and implement modern web interfaces.,"Machine Learning, Python, React, Pandas, TensorFlow"
Software Engineer,DataCorp,Kolkata,2384465,Analyze data and build predictive models.,"Pandas, Python, React"
Data Scientist,Cloudify,Hyderabad,421999,Analyze data and build predictive models.,"AWS, Python, SQL"
Python Developer,AlgoEdge,Mumbai,1426147,Looking for a passionate developer to build scalable applications.,"SQL, JavaScript, React, Docker"
Full Stack Developer,NextGen Labs,Pune,1894056,Design and implement modern web interfaces.,"JavaScript, Pandas, TensorFlow, Machine Learning, Docker"
UI/UX Designer,NextGen Labs,Pune,1655841,Design and implement modern web interfaces.,"Pandas, React, SQL, Docker, AWS"
Software Engineer,AlgoEdge,Bangalore,2249874,Work on cutting-edge technologies and collaborate with a dynamic team.,"AWS, TensorFlow, JavaScript"
Frontend Developer,WebSphere,Remote,1111100,Work on cutting-edge technologies and collaborate with a dynamic team.,"Pandas, AWS, React"
Data Analyst,CodeWorks,Pune,1050809,Design and implement modern web interfaces.,"Django, TensorFlow, Machine Learning"
Python Developer,TechNova,Pune,1932313,Work on cutting-edge technologies and collaborate with a dynamic team.,"JavaScript, AWS, Django, Pandas"
Full Stack Developer,WebSphere,Hyderabad,1047852,Analyze data and build predictive models.,"Docker, React, TensorFlow, Django, Machine Learning"
Backend Developer,Cloudify,Delhi,383694,Looking for a passionate developer to build scalable applications.,"Django, TensorFlow, JavaScript"
UI/UX Designer,InnoSoft,Hyderabad,382671,Work on cutting-edge technologies and collaborate with a dynamic team.,"Django, React, Machine Learning, TensorFlow, Python"
Data Analyst,AlgoEdge,Remote,415624,Design and implement modern web interfaces.,"Django, Machine Learning, React, JavaScript, SQL"
Backend Developer,InnoSoft,Delhi,1826267,Looking for a passionate developer to build scalable applications.,"Pandas, AWS, Python"
Python Developer,TechNova,Chennai,1113053,Looking for a passionate developer to build scalable applications.,"Machine Learning, React, TensorFlow, AWS, JavaScript"
Machine Learning Engineer,AI Solutions,Remote,1148992,Analyze data and build predictive models.,"SQL, React, Python"
Data Analyst,Cloudify,Delhi,1800312,Looking for a passionate developer to build scalable applications.,"React, Docker, Django, AWS, SQL"
Data Analyst,CodeWorks,Bangalore,407805,Looking for a passionate developer to build scalable applications.,"Pandas, Machine Learning, JavaScript, SQL, Django"
Data Scientist,DataCorp,Hyderabad,1407430,Work on cutting-edge technologies and collaborate with a dynamic team.,"SQL, React, JavaScript"
UI/UX Designer,AlgoEdge,Hyderabad,1493578,Develop and maintain high-quality software solutions.,"Django, TensorFlow, React, Docker, Python"
Machine Learning Engineer,DataCorp,Delhi,1366787,Looking for a passionate developer to build scalable applications.,"AWS, SQL, Docker"
Frontend Developer,TechNova,Delhi,1093878,Work on cutting-edge technologies and collaborate with a dynamic team.,"AWS, React, Django, Pandas, Docker"
Data Analyst,WebSphere,Chennai,2470914,Looking for a passionate developer to build scalable applications.,"Python, TensorFlow, AWS, SQL"
Python Developer,CodeWorks,Mumbai,1882339,Looking for a passionate developer to build scalable applications.,"TensorFlow, Pandas, Docker, JavaScript"
Software Engineer,Cloudify,Kolkata,887995,Develop and maintain high-quality software solutions.,"Python, React, Django, SQL"
Python Developer,DataCorp,Kolkata,2015295,Looking for a passionate developer to build scalable applications.,"TensorFlow, JavaScript, Pandas"
Software Engineer,DataCorp,Hyderabad,897800,Work on cutting-edge technologies and collaborate with a dynamic team.,"Python, Pandas, AWS"
DevOps Engineer,Cloudify,Remote,313129,Develop and maintain high-quality software solutions.,"React, AWS, Machine Learning, Docker"
DevOps Engineer,NextGen Labs,Remote,1399543,Looking for a passionate developer to build scalable applications.,"TensorFlow, Machine Learning, AWS"
Data Analyst,ByteForge,Chennai,1696746,Work on cutting-edge technologies and collaborate with a dynamic team.,"React, AWS, Django, Docker"
Backend Developer,Cloudify,Mumbai,682241,Looking for a passionate developer to build scalable applications.,"TensorFlow, Pandas, Python"
UI/UX Designer,ByteForge,Bangalore,1852795,Work on cutting-edge technologies and collaborate with a dynamic team.,"SQL, Machine Learning, Django"
Full Stack Developer,AI Solutions,Kolkata,1019501,Design and implement modern web interfaces.,"Pandas, AWS, Django, Docker, Python"
DevOps Engineer,WebSphere,Kolkata,856299,Design and implement modern web interfaces.,"AWS, Django, Python, TensorFlow"
Full Stack Developer,NextGen Labs,Chennai,1457223,Work on cutting-edge technologies and collaborate with a dynamic team.,"Docker, Pandas, React, AWS"
Full Stack Developer,ByteForge,Kolkata,517558,Analyze data and build predictive models.,"Django, Machine Learning, Python, Pandas, Docker"
Data Analyst,CodeWorks,Remote,2100765,Analyze data and build predictive models.,"React, Django, SQL, Machine Learning"
Python Developer,AI Solutions,Mumbai,2412574,Develop and maintain high-quality software solutions.,"Django, Machine Learning, Python, JavaScript"
Full Stack Developer,Cloudify,Mumbai,2451335,Develop and maintain high-quality software solutions.,"SQL, JavaScript, Docker, AWS, Django"
Full Stack Developer,AI Solutions,Hyderabad,1640680,Analyze data and build predictive models.,"Pandas, Docker, Machine Learning, AWS"
Full Stack Developer,DataCorp,Bangalore,1003076,Work on cutting-edge technologies and collaborate with a dynamic team.,"Docker, TensorFlow, AWS, React, Django"
Machine Learning Engineer,AI Solutions,Pune,1913757,Looking for a passionate developer to build scalable applications.,"Docker, JavaScript, Machine Learning"
UI/UX Designer,AlgoEdge,Remote,1756538,Work on cutting-edge technologies and collaborate with a dynamic team.,"Docker, SQL, Django, Machine Learning, Pandas"
UI/UX Designer,InnoSoft,Mumbai,2170254,Develop and maintain high-quality software solutions.,"AWS, Machine Learning, Django, React, JavaScript"
Frontend Developer,TechNova,Delhi,1265933,Design and implement modern web interfaces.,"AWS, Docker, SQL, Django, Machine Learning"
Python Developer,NextGen Labs,Chennai,1558317,Design and implement modern web interfaces.,"React, JavaScript, Pandas, AWS, Django"
Backend Developer,DataCorp,Chennai,2119169,Develop and maintain high-quality software solutions.,"React, TensorFlow, Django, Docker, Machine Learning"
Data Scientist,AlgoEdge,Chennai,559039,Work on cutting-edge technologies and collaborate with a dynamic team.,"SQL, TensorFlow, Pandas, Machine Learning, JavaScript"
Software Engineer,CodeWorks,Kolkata,1813269,Looking for a passionate developer to build scalable applications.,"JavaScript, Docker, SQL"
DevOps Engineer,WebSphere,Hyderabad,1612354,Design and implement modern web interfaces.,"React, SQL, AWS"
Machine Learning Engineer,CodeWorks,Remote,487793,Develop and maintain high-quality software solutions.,"Machine Learning, Pandas, React, SQL, Python"
Software Engineer,TechNova,Bangalore,1277684,Work on cutting-edge technologies and collaborate with a dynamic team.,"Machine Learning, Pandas, TensorFlow"
Data Analyst,ByteForge,Chennai,2357302,Analyze data and build predictive models.,"JavaScript, AWS, Pandas, Docker"
UI/UX Designer,DataCorp,Pune,1088549,Analyze data and build predictive models.,"SQL, React, Django, Python"
Python Developer,InnoSoft,Remote,1528207,Develop and maintain high-quality software solutions.,"SQL, JavaScript, Pandas"
DevOps Engineer,CodeWorks,Hyderabad,1443060,Analyze data and build predictive models.,"AWS, JavaScript, Docker"
Data Analyst,NextGen Labs,Pune,1095008,Analyze data and build predictive models.,"AWS, SQL, Python, TensorFlow"
DevOps Engineer,WebSphere,Bangalore,897495,Work on cutting-edge technologies and collaborate with a dynamic team.,"Machine Learning, Django, Python, AWS"
Backend Developer,Cloudify,Pune,2368397,Analyze data and build predictive models.,"TensorFlow, Django, React, Machine Learning, Docker"
Data Scientist,DataCorp,Bangalore,888380,Analyze data and build predictive models.,"Docker, Django, React, AWS, Machine Learning"
Software Engineer,ByteForge,Kolkata,2000646,Work on cutting-edge technologies and collaborate with a dynamic team.,"Docker, Machine Learning, React, TensorFlow, Pandas"
Data Analyst,TechNova,Delhi,939613,Design and implement modern web interfaces.,"Django, SQL, JavaScript, Docker, React"
Frontend Developer,DataCorp,Delhi,843837,Analyze data and build predictive models.,"React, Django, AWS"
DevOps Engineer,CodeWorks,Bangalore,1990054,Looking for a passionate developer to build scalable applications.,"React, Django, Machine Learning, JavaScript, AWS"
Data Scientist,DataCorp,Chennai,774442,Design and implement modern web interfaces.,"React, SQL, Machine Learning, TensorFlow"
Data Scientist,TechNova,Hyderabad,1329056,Looking for a passionate developer to build scalable applications.,"Docker, SQL, Pandas"
UI/UX Designer,TechNova,Pune,398973,Analyze data and build predictive models.,"React, SQL, Python, Pandas"
Data Analyst,DataCorp,Delhi,830838,Work on cutting-edge technologies and collaborate with a dynamic team.,"Python, Machine Learning, Pandas, Django, Docker"
Data Scientist,CodeWorks,Chennai,1265212,Design and implement modern web interfaces.,"Django, JavaScript, SQL, AWS"
Full Stack Developer,AI Solutions,Mumbai,1450686,Analyze data and build predictive models.,"JavaScript, AWS, React, SQL, TensorFlow"
Backend Developer,DataCorp,Chennai,2288712,Work on cutting-edge technologies and collaborate with a dynamic team.,"AWS, Pandas, Machine Learning"
Data Analyst,TechNova,Mumbai,1944270,Develop and maintain high-quality software solutions.,"React, TensorFlow, Docker"
DevOps Engineer,CodeWorks,Mumbai,1051112,Design and implement modern web interfaces.,"Docker, SQL, React"
UI/UX Designer,CodeWorks,Chennai,2261273,Looking for a passionate developer to build scalable applications.,"TensorFlow, Pandas, SQL, React, Python"
Software Engineer,AlgoEdge,Kolkata,1604574,Looking for a passionate developer to build scalable applications.,"JavaScript, Django, Machine Learning, SQL, React"
Machine Learning Engineer,WebSphere,Mumbai,1022895,Analyze data and build predictive models.,"Pandas, Machine Learning, AWS"
Backend Developer,TechNova,Hyderabad,1025103,Looking for a passionate developer to build scalable applications.,"TensorFlow, Docker, Pandas"
Data Analyst,TechNova,Hyderabad,2280615,Looking for a passionate developer to build scalable applications.,"SQL, Python, Pandas"
Backend Developer,DataCorp,Delhi,1725363,Develop and maintain high-quality software solutions.,"React, JavaScript, Django, SQL, Docker"
Machine Learning Engineer,Cloudify,Remote,2365055,Develop and maintain high-quality software solutions.,"JavaScript, Pandas, Machine Learning"
Data Scientist,NextGen Labs,Mumbai,409288,Looking for a passionate developer to build scalable applications.,"React, Docker, JavaScript"
Data Analyst,WebSphere,Kolkata,1189739,Analyze data and build predictive models.,"JavaScript, SQL, React, Machine Learning"
UI/UX Designer,InnoSoft,Kolkata,784178,Develop and maintain high-quality software solutions.,"JavaScript, Docker, Django, Python, AWS"
Full Stack Developer,InnoSoft,Kolkata,1176192,Analyze data and build predictive models.,"Python, SQL, AWS, JavaScript, React"
Machine Learning Engineer,AlgoEdge,Bangalore,1360853,Analyze data and build predictive models.,"Python, Machine Learning, Pandas, Docker, TensorFlow"
Python Developer,NextGen Labs,Delhi,559992,Looking for a passionate developer to build scalable applications.,"Django, Docker, Pandas, JavaScript, TensorFlow"
Data Scientist,Cloudify,Hyderabad,926943,Looking for a passionate developer to build scalable applications.,"AWS, TensorFlow, React, Python"
Backend Developer,DataCorp,Bangalore,599189,Looking for a passionate developer to build scalable applications.,"Django, Python, JavaScript"
Python Developer,Cloudify,Pune,1726972,Looking for a passionate developer to build scalable applications.,"React, Django, Machine Learning, JavaScript, SQL"
Data Scientist,InnoSoft,Delhi,1375523,Design and implement modern web interfaces.,"JavaScript, SQL, Machine Learning, Python, Django"
Data Scientist,WebSphere,Remote,2301207,Develop and maintain high-quality software solutions.,"JavaScript, React, Python, SQL, Django"
Machine Learning Engineer,TechNova,Kolkata,1749025,Work on cutting-edge technologies and collaborate with a dynamic team.,"Django, Python, SQL, Pandas"
Python Developer,AlgoEdge,Delhi,664765,Develop and maintain high-quality software solutions.,"Pandas, SQL, Machine Learning"
Data Analyst,DataCorp,Kolkata,1124602,Work on cutting-edge technologies and collaborate with a dynamic team.,"TensorFlow, Django, Machine Learning, AWS"
Python Developer,ByteForge,Delhi,2010263,Work on cutting-edge technologies and collaborate with a dynamic team.,"JavaScript, Django, Python"
UI/UX Designer,TechNova,Delhi,1021805,Design and implement modern web interfaces.,"TensorFlow, Docker, AWS"
Machine Learning Engineer,WebSphere,Remote,1872516,Work on cutting-edge technologies and collaborate with a dynamic team.,"Pandas, JavaScript, Python, Docker, SQL"
Software Engineer,AI Solutions,Kolkata,2372521,Develop and maintain high-quality software solutions.,"SQL, Pandas, Machine Learning"
Data Analyst,CodeWorks,Remote,495634,Analyze data and build predictive models.,"Pandas, Machine Learning, React, Python"
Data Analyst,AlgoEdge,Hyderabad,2027594,Design and implement modern web interfaces.,"React, SQL, Machine Learning, Python"
DevOps Engineer,ByteForge,Delhi,1314912,Analyze data and build predictive models.,"Pandas, JavaScript, TensorFlow, SQL, AWS"
UI/UX Designer,AlgoEdge,Bangalore,1568162,Looking for a passionate developer to build scalable applications.,"JavaScript, Pandas, Django"
Frontend Developer,NextGen Labs,Chennai,1311944,Analyze data and build predictive models.,"React, TensorFlow, Pandas, SQL"
Software Engineer,TechNova,Kolkata,623895,Develop and maintain high-quality software solutions.,"SQL, TensorFlow, Django, Machine Learning"
Data Analyst,ByteForge,Chennai,2327422,Looking for a passionate developer to build scalable applications.,"Python, Pandas, React, JavaScript"
Machine Learning Engineer,InnoSoft,Remote,1789190,Looking for a passionate developer to build scalable applications.,"Django, React, AWS, Python, Pandas"
UI/UX Designer,DataCorp,Kolkata,2072624,Design and implement modern web interfaces.,"Python, SQL, Machine Learning"
Frontend Developer,WebSphere,Kolkata,1748159,Work on cutting-edge technologies and collaborate with a dynamic team.,"Docker, React, AWS"
Frontend Developer,Cloudify,Hyderabad,2162221,Looking for a passionate developer to build scalable applications.,"Machine Learning, AWS, Python, JavaScript, TensorFlow"
Frontend Developer,AlgoEdge,Kolkata,1736029,Develop and maintain high-quality software solutions.,"AWS, SQL, Machine Learning, TensorFlow"
Frontend Developer,AlgoEdge,Hyderabad,1977462,Looking for a passionate developer to build scalable applications.,"Django, Machine Learning, SQL, Pandas"
DevOps Engineer,TechNova,Bangalore,2307977,Design and implement modern web interfaces.,"TensorFlow, React, AWS, SQL, Python"
Backend Developer,Cloudify,Bangalore,1691349,Design and implement modern web interfaces.,"Python, Django, SQL"
DevOps Engineer,ByteForge,Chennai,881866,Looking for a passionate developer to build scalable applications.,"Machine Learning, AWS, React, Python"
DevOps Engineer,WebSphere,Remote,985303,Analyze data and build predictive models.,"Docker, TensorFlow, SQL, Python"
Full Stack Developer,NextGen Labs,Pune,1616150,Looking for a passionate developer to build scalable applications.,"Machine Learning, SQL, Django, Python, Docker"
Full Stack Developer,AI Solutions,Kolkata,1610863,Looking for a passionate developer to build scalable applications.,"Django, AWS, Docker"
Backend Developer,DataCorp,Kolkata,1687042,Work on cutting-edge technologies and collaborate with a dynamic team.,"Machine Learning, Python, JavaScript, React, SQL"
UI/UX Designer,CodeWorks,Remote,310040,Work on cutting-edge technologies and collaborate with a dynamic team.,"Pandas, Python, Machine Learning, AWS, SQL"
Data Scientist,WebSphere,Delhi,1860585,Looking for a passionate developer to build scalable applications.,"Pandas, SQL, Machine Learning"
Python Developer,WebSphere,Hyderabad,896394,Design and implement modern web interfaces.,"React, Machine Learning, SQL, JavaScript"
Frontend Developer,AI Solutions,Mumbai,518869,Looking for a passionate developer to build scalable applications.,"SQL, React, Django, TensorFlow"
Backend Developer,Cloudify,Kolkata,1076950,Design and implement modern web interfaces.,"Django, Python, SQL, JavaScript"
Backend Developer,CodeWorks,Chennai,1575201,Looking for a passionate developer to build scalable applications.,"Django, Docker, TensorFlow"
Frontend Developer,CodeWorks,Remote,1497961,Looking for a passionate developer to build scalable applications.,"SQL, AWS, TensorFlow, Django"
DevOps Engineer,ByteForge,Hyderabad,506318,Looking for a passionate developer to build scalable applications.,"TensorFlow, SQL, JavaScript, Docker, Python"
Software Engineer,TechNova,Mumbai,443821,Work on cutting-edge technologies and collaborate with a dynamic team.,"Machine Learning, SQL, Docker"
DevOps Engineer,DataCorp,Remote,1688373,Analyze data and build predictive models.,"Docker, AWS, TensorFlow, JavaScript"
Python Developer,ByteForge,Hyderabad,1701754,Design and implement modern web interfaces.,"AWS, Docker, Django, Pandas"
Data Scientist,InnoSoft,Bangalore,1779392,Design and implement modern web interfaces.,"AWS, Docker, Machine Learning, React, JavaScript"
DevOps Engineer,NextGen Labs,Remote,1420852,Design and implement modern web interfaces.,"Docker, Python, JavaScript, AWS"
Frontend Developer,NextGen Labs,Mumbai,1657881,Work on cutting-edge technologies and collaborate with a dynamic team.,"React, Machine Learning, JavaScript, Docker"
UI/UX Designer,TechNova,Chennai,862852,Develop and maintain high-quality software solutions.,"AWS, JavaScript, Machine Learning"
Data Scientist,NextGen Labs,Pune,1568519,Analyze data and build predictive models.,"JavaScript, Pandas, Machine Learning"
Full Stack Developer,AlgoEdge,Delhi,2426237,Design and implement modern web interfaces.,"Python, Machine Learning, Django, Docker, JavaScript"
Full Stack Developer,CodeWorks,Bangalore,1672888,Develop and maintain high-quality software solutions.,"Python, Docker, React, SQL, AWS"
Backend Developer,AI Solutions,Bangalore,773608,Develop and maintain high-quality software solutions.,"JavaScript, Docker, TensorFlow"
Data Scientist,NextGen Labs,Mumbai,1268040,Analyze data and build predictive models.,"SQL, Docker, AWS, Python"
Data Analyst,TechNova,Hyderabad,487448,Develop and maintain high-quality software solutions.,"Docker, Pandas, Django, React, Python"
DevOps Engineer,AlgoEdge,Pune,1321867,Looking for a passionate developer to build scalable applications.,"SQL, Django, Machine Learning"
Software Engineer,NextGen Labs,Pune,1751267,Design and implement modern web interfaces.,"JavaScript, Python, AWS, Machine Learning"
Data Scientist,AlgoEdge,Pune,381050,Analyze data and build predictive models.,"Pandas, Django, SQL"
Backend Developer,NextGen Labs,Pune,921027,Work on cutting-edge technologies and collaborate with a dynamic team.,"Machine Learning, Python, Docker, TensorFlow, React"
Backend Developer,NextGen Labs,Remote,1025914,Develop and maintain high-quality software solutions.,"SQL, JavaScript, TensorFlow"
DevOps Engineer,NextGen Labs,Chennai,1629312,Looking for a passionate developer to build scalable applications.,"Pandas, Python, SQL"
Data Scientist,ByteForge,Hyderabad,1368514,Analyze data and build predictive models.,"Pandas, React, JavaScript"
Full Stack Developer,WebSphere,Delhi,719404,Analyze data and build predictive models.,"Django, AWS, TensorFlow, JavaScript"
Frontend Developer,AI Solutions,Mumbai,1312250,Looking for a passionate developer to build scalable applications.,"Pandas, JavaScript, TensorFlow, AWS"
Data Analyst,TechNova,Pune,350776,Develop and maintain high-quality software solutions.,"Django, Machine Learning, AWS, Python, TensorFlow"
Data Scientist,AI Solutions,Hyderabad,452688,Design and implement modern web interfaces.,"Pandas, AWS, Machine Learning, JavaScript, Python"
DevOps Engineer,NextGen Labs,Hyderabad,1583653,Analyze data and build predictive models.,"Pandas, JavaScript, Docker, Machine Learning"
Software Engineer,CodeWorks,Kolkata,1466522,Develop and maintain high-quality software solutions.,"Machine Learning, TensorFlow, SQL"
Python Developer,CodeWorks,Bangalore,795521,Looking for a passionate developer to build scalable applications.,"React, AWS, Machine Learning, Python, SQL"
Data Analyst,ByteForge,Delhi,913630,Develop and maintain high-quality software solutions.,"AWS, SQL, Machine Learning, Python, Pandas"
Python Developer,AlgoEdge,Delhi,1308383,Analyze data and build predictive models.,"AWS, Django, Docker, Pandas, Machine Learning"
DevOps Engineer,TechNova,Mumbai,1318037,Looking for a passionate developer to build scalable applications.,"Pandas, Django, JavaScript"
UI/UX Designer,InnoSoft,Kolkata,1928936,Design and implement modern web interfaces.,"Python, JavaScript, TensorFlow"
Machine Learning Engineer,CodeWorks,Pune,995979,Looking for a passionate developer to build scalable applications.,"AWS, React, JavaScript, Pandas, Python"
Software Engineer,AlgoEdge,Delhi,429515,Looking for a passionate developer to build scalable applications.,"TensorFlow, React, Django"
Frontend Developer,CodeWorks,Kolkata,593110,Work on cutting-edge technologies and collaborate with a dynamic team.,"Machine Learning, SQL, Docker, Pandas, React"
Full Stack Developer,Cloudify,Chennai,670800,Develop and maintain high-quality software solutions.,"TensorFlow, Django, Machine Learning, JavaScript"
Frontend Developer,AlgoEdge,Kolkata,637185,Design and implement modern web interfaces.,"Docker, Pandas, Machine Learning, SQL, Python"
Software Engineer,WebSphere,Mumbai,1796903,Looking for a passionate developer to build scalable applications.,"Django, Python, SQL, Pandas, AWS"
Machine Learning Engineer,TechNova,Bangalore,1336646,Develop and maintain high-quality software solutions.,"React, Pandas, JavaScript, SQL, TensorFlow"
Python Developer,DataCorp,Kolkata,1706308,Work on cutting-edge technologies and collaborate with a dynamic team.,"Machine Learning, Docker, JavaScript, Python, TensorFlow"
DevOps Engineer,AlgoEdge,Pune,797010,Work on cutting-edge technologies and collaborate with a dynamic team.,"SQL, Django, Python, Pandas"
Frontend Developer,Cloudify,Mumbai,2286937,Design and implement modern web interfaces.,"Pandas, Docker, JavaScript, AWS, TensorFlow"
Data Scientist,ByteForge,Remote,606591,Work on cutting-edge technologies and collaborate with a dynamic team.,"Django, JavaScript, SQL, AWS"
UI/UX Designer,AI Solutions,Remote,1189174,Work on cutting-edge technologies and collaborate with a dynamic team.,"React, SQL, TensorFlow, Pandas"
Backend Developer,Cloudify,Remote,419905,Design and implement modern web interfaces.,"AWS, Python, SQL"
Python Developer,InnoSoft,Delhi,621900,Design and implement modern web interfaces.,"Django, Pandas, Python"
Frontend Developer,DataCorp,Pune,1802366,Develop and maintain high-quality software solutions.,"Django, Docker, AWS, Machine Learning, JavaScript"
DevOps Engineer,CodeWorks,Remote,765265,Analyze data and build predictive models.,"Python, Pandas, Docker"
Backend Developer,CodeWorks,Hyderabad,1039399,Develop and maintain high-quality software solutions.,"React, Pandas, Django"
Software Engineer,InnoSoft,Pune,2439535,Develop and maintain high-quality software solutions.,"Python, AWS, Django"
Data Analyst,AlgoEdge,Chennai,947152,Develop and maintain high-quality software solutions.,"AWS, Machine Learning, Python, Docker"
Data Scientist,InnoSoft,Remote,707442,Looking for a passionate developer to build scalable applications.,"Pandas, JavaScript, Docker, Machine Learning"
Software Engineer,CodeWorks,Pune,1323486,Work on cutting-edge technologies and collaborate with a dynamic team.,"Python, Django, JavaScript, AWS, SQL"
Machine Learning Engineer,WebSphere,Hyderabad,1460880,Looking for a passionate developer to build scalable applications.,"AWS, Python, SQL, Machine Learning, React"
Machine Learning Engineer,InnoSoft,Hyderabad,1754461,Analyze data and build predictive models.,"Machine Learning, Pandas, JavaScript, Python, Django"
Frontend Developer,Cloudify,Hyderabad,652074,Work on cutting-edge technologies and collaborate with a dynamic team.,"TensorFlow, Python, JavaScript, Docker, Machine Learning"
Frontend Developer,Cloudify,Remote,1731511,Work on cutting-edge technologies and collaborate with a dynamic team.,"Django, AWS, JavaScript, Machine Learning, React"
Data Analyst,InnoSoft,Chennai,2320265,Analyze data and build predictive models.,"Python, Docker, TensorFlow, React, Machine Learning"
Software Engineer,AlgoEdge,Kolkata,898962,Analyze data and build predictive models.,"React, Django, JavaScript, TensorFlow, Pandas"
Frontend Developer,DataCorp,Mumbai,1016701,Looking for a passionate developer to build scalable applications.,"Django, Docker, React"
Data Scientist,InnoSoft,Delhi,434662,Looking for a passionate developer to build scalable applications.,"JavaScript, TensorFlow, Pandas"
Software Engineer,TechNova,Kolkata,558853,Design and implement modern web interfaces.,"Docker, React, AWS"
DevOps Engineer,ByteForge,Remote,1724726,Develop and maintain high-quality software solutions.,"Docker, TensorFlow, Machine Learning, Pandas"
DevOps Engineer,WebSphere,Chennai,513817,Analyze data and build predictive models.,"Django, Pandas, Docker, React, SQL"
Data Analyst,WebSphere,Hyderabad,426081,Develop and maintain high-quality software solutions.,"Django, JavaScript, Pandas, TensorFlow"
Full Stack Developer,InnoSoft,Pune,1544711,Work on cutting-edge technologies and collaborate with a dynamic team.,"Pandas, AWS, Machine Learning, Django"
Data Analyst,AlgoEdge,Bangalore,2358116,Design and implement modern web interfaces.,"React, TensorFlow, JavaScript, Pandas"
Data Scientist,InnoSoft,Mumbai,572145,Looking for a passionate developer to build scalable applications.,"Machine Learning, TensorFlow, Python, AWS, React"
Python Developer,InnoSoft,Bangalore,2192994,Design and implement modern web interfaces.,"Python, Docker, Django, Machine Learning, TensorFlow"
Machine Learning Engineer,TechNova,Hyderabad,2219115,Work on cutting-edge technologies and collaborate with a dynamic team.,"Docker, Python, Machine Learning, SQL"
DevOps Engineer,TechNova,Hyderabad,1347329,Work on cutting-edge technologies and collaborate with a dynamic team.,"Machine Learning, TensorFlow, React"
Full Stack Developer,NextGen Labs,Pune,1750140,Design and implement modern web interfaces.,"TensorFlow, Django, Python, Pandas"
Machine Learning Engineer,TechNova,Chennai,722985,Develop and maintain high-quality software solutions.,"JavaScript, SQL, Pandas, Django, TensorFlow"
Data Analyst,AI Solutions,Chennai,1390497,Develop and maintain high-quality software solutions.,"SQL, TensorFlow, AWS, Python"
Data Analyst,AlgoEdge,Bangalore,381602,Analyze data and build predictive models.,"SQL, React, Django"
Machine Learning Engineer,NextGen Labs,Remote,2405926,Looking for a passionate developer to build scalable applications.,"Docker, Machine Learning, Django, React"
Machine Learning Engineer,WebSphere,Delhi,1358270,Design and implement modern web interfaces.,"Machine Learning, JavaScript, AWS, React"
Software Engineer,CodeWorks,Remote,772499,Analyze data and build predictive models.,"Docker, Machine Learning, TensorFlow"
Data Analyst,DataCorp,Bangalore,2430231,Analyze data and build predictive models.,"AWS, Django, SQL, React, JavaScript"
Software Engineer,Cloudify,Kolkata,1434603,Looking for a passionate developer to build scalable applications.,"Pandas, React, Python, Django"
Data Scientist,TechNova,Delhi,571851,Looking for a passionate developer to build scalable applications.,"Python, Docker, JavaScript"
Python Developer,CodeWorks,Delhi,679524,Design and implement modern web interfaces.,"Python, SQL, React, Django, JavaScript"
Python Developer,TechNova,Bangalore,1402233,Develop and maintain high-quality software solutions.,"AWS, Python, TensorFlow, Docker"
Backend Developer,ByteForge,Pune,1453591,Develop and maintain high-quality software solutions.,"React, Python, Docker"
Python Developer,Cloudify,Hyderabad,668191,Develop and maintain high-quality software solutions.,"TensorFlow, Pandas, Machine Learning, Django"
Python Developer,Cloudify,Delhi,2487930,Analyze data and build predictive models.,"React, Python, Pandas, Docker"
Frontend Developer,Cloudify,Chennai,2219017,Design and implement modern web interfaces.,"Machine Learning, Docker, TensorFlow"
Data Analyst,AI Solutions,Hyderabad,1199553,Work on cutting-edge technologies and collaborate with a dynamic team.,"Machine Learning, AWS, Django, TensorFlow, JavaScript"
Data Scientist,WebSphere,Kolkata,390344,Analyze data and build predictive models.,"Pandas, Django, React"
Data Scientist,DataCorp,Mumbai,434246,Work on cutting-edge technologies and collaborate with a dynamic team.,"Python, Django, AWS, React"
Full Stack Developer,AlgoEdge,Delhi,2054452,Design and implement modern web interfaces.,"Docker, React, JavaScript"
Machine Learning Engineer,WebSphere,Chennai,2254338,Design and implement modern web interfaces.,"TensorFlow, Docker, Django, Pandas"
UI/UX Designer,AI Solutions,Pune,1434004,Analyze data and build predictive models.,"AWS, JavaScript, Python, Django"
Full Stack Developer,TechNova,Bangalore,2401861,Develop and maintain high-quality software solutions.,"Python, AWS, SQL"
Backend Developer,WebSphere,Pune,956872,Analyze data and build predictive models.,"Machine Learning, Pandas, TensorFlow"
Data Analyst,WebSphere,Chennai,788726,Design and implement modern web interfaces.,"React, Python, SQL, AWS, JavaScript"
Frontend Developer,InnoSoft,Pune,306915,Design and implement modern web interfaces.,"Machine Learning, React, Docker, Django"
UI/UX Designer,WebSphere,Delhi,1753858,Looking for a passionate developer to build scalable applications.,"Django, SQL, TensorFlow, Docker"
DevOps Engineer,Cloudify,Chennai,1400177,Looking for a passionate developer to build scalable applications.,"Machine Learning, Django, TensorFlow, Pandas, Docker"
Data Analyst,AlgoEdge,Delhi,2345828,Develop and maintain high-quality software solutions.,"Docker, React, Django, TensorFlow"
Full Stack Developer,Cloudify,Chennai,1320453,Analyze data and build predictive models.,"TensorFlow, React, Pandas"
Backend Developer,AI Solutions,Hyderabad,1701981,Looking for a passionate developer to build scalable applications.,"JavaScript, Docker, React"
UI/UX Designer,TechNova,Pune,320485,Design and implement modern web interfaces.,"Machine Learning, Docker, JavaScript"
Machine Learning Engineer,ByteForge,Mumbai,1508237,Looking for a passionate developer to build scalable applications.,"Machine Learning, SQL, Docker"
Software Engineer,NextGen Labs,Bangalore,1226624,Design and implement modern web interfaces.,"SQL, Django, Docker, AWS"
Machine Learning Engineer,ByteForge,Pune,1998863,Looking for a passionate developer to build scalable applications.,"SQL, React, AWS"
Backend Developer,TechNova,Kolkata,2381508,Develop and maintain high-quality software solutions.,"Python, Pandas, Docker, Machine Learning, SQL"
Software Engineer,AI Solutions,Chennai,1051506,Design and implement modern web interfaces.,"SQL, AWS, Python, TensorFlow, Pandas"
Full Stack Developer,TechNova,Delhi,791991,Analyze data and build predictive models.,"React, Machine Learning, JavaScript, SQL"
Software Engineer,Cloudify,Delhi,2442770,Looking for a passionate developer to build scalable applications.,"Pandas, Python, AWS, SQL, JavaScript"
DevOps Engineer,CodeWorks,Chennai,1163373,Develop and maintain high-quality software solutions.,"TensorFlow, Django, AWS, Machine Learning, SQL"
UI/UX Designer,Cloudify,Hyderabad,1470551,Analyze data and build predictive models.,"AWS, Django, TensorFlow, SQL, Pandas"
Data Scientist,DataCorp,Hyderabad,1211951,Looking for a passionate developer to build scalable applications.,"React, Python, SQL"
Data Analyst,InnoSoft,Chennai,910257,Looking for a passionate developer to build scalable applications.,"JavaScript, React, Machine Learning, Django, SQL"
Data Analyst,ByteForge,Hyderabad,1385675,Analyze data and build predictive models.,"TensorFlow, Python, AWS, Machine Learning, SQL"
Python Developer,CodeWorks,Remote,476124,Design and implement modern web interfaces.,"Docker, Pandas, AWS, Python, TensorFlow"
Full Stack Developer,AI Solutions,Hyderabad,909391,Design and implement modern web interfaces.,"Django, Python, React"
Data Scientist,TechNova,Chennai,1413838,Develop and maintain high-quality software solutions.,"Python, Machine Learning, Docker, JavaScript, TensorFlow"
Data Scientist,AlgoEdge,Delhi,579771,Design and implement modern web interfaces.,"Python, AWS, React"
Data Scientist,WebSphere,Chennai,514198,Design and implement modern web interfaces.,"JavaScript, Docker, Python, Machine Learning"
Backend Developer,NextGen Labs,Kolkata,1046898,Analyze data and build predictive models.,"Django, JavaScript, React, AWS"
Machine Learning Engineer,AI Solutions,Remote,862585,Design and implement modern web interfaces.,"Pandas, Machine Learning, JavaScript"
Backend Developer,TechNova,Kolkata,495607,Looking for a passionate developer to build scalable applications.,"SQL, Python, React, JavaScript"
Full Stack Developer,InnoSoft,Kolkata,2146184,Analyze data and build predictive models.,"Pandas, SQL, Machine Learning"
Data Scientist,ByteForge,Hyderabad,1415624,Looking for a passionate developer to build scalable applications.,"Machine Learning, AWS, SQL"
DevOps Engineer,ByteForge,Remote,1966502,Looking for a passionate developer to build scalable applications.,"Docker, AWS, Python, Django"
Data Scientist,Cloudify,Bangalore,1231345,Work on cutting-edge technologies and collaborate with a dynamic team.,"React, Docker, AWS, TensorFlow"
Software Engineer,WebSphere,Remote,1226582,Design and implement modern web interfaces.,"AWS, Django, React"
Data Scientist,NextGen Labs,Mumbai,788970,Work on cutting-edge technologies and collaborate with a dynamic team.,"Python, AWS, Pandas, SQL, TensorFlow"
UI/UX Designer,InnoSoft,Chennai,2301921,Analyze data and build predictive models.,"JavaScript, Pandas, Python, Machine Learning"
Software Engineer,ByteForge,Chennai,863215,Work on cutting-edge technologies and collaborate with a dynamic team.,"SQL, JavaScript, Machine Learning, React, Python"
Data Scientist,WebSphere,Chennai,1498189,Develop and maintain high-quality software solutions.,"Machine Learning, Python, Docker"
Backend Developer,WebSphere,Mumbai,2484098,Work on cutting-edge technologies and collaborate with a dynamic team.,"Pandas, TensorFlow, Machine Learning, React, Python"
Full Stack Developer,TechNova,Pune,913244,Work on cutting-edge technologies and collaborate with a dynamic team.,"JavaScript, Django, TensorFlow"
Data Scientist,AI Solutions,Hyderabad,1392829,Design and implement modern web interfaces.,"Docker, Machine Learning, Django"
UI/UX Designer,ByteForge,Mumbai,421642,Work on cutting-edge technologies and collaborate with a dynamic team.,"AWS, Django, Python, Pandas, SQL"
Frontend Developer,AlgoEdge,Pune,1820991,Work on cutting-edge technologies and collaborate with a dynamic team.,"Pandas, SQL, AWS, JavaScript"
Backend Developer,ByteForge,Bangalore,610006,Looking for a passionate developer to build scalable applications.,"AWS, JavaScript, Django, Machine Learning, React"
Machine Learning Engineer,ByteForge,Hyderabad,1001482,Work on cutting-edge technologies and collaborate with a dynamic team.,"React, Python, TensorFlow, JavaScript"
Frontend Developer,DataCorp,Remote,659683,Analyze data and build predictive models.,"Django, SQL, TensorFlow"
Backend Developer,ByteForge,Mumbai,2193499,Looking for a passionate developer to build scalable applications.,"Docker, Python, Pandas"
UI/UX Designer,AI Solutions,Chennai,2436084,Work on cutting-edge technologies and collaborate with a dynamic team.,"Pandas, Python, React, SQL"
Machine Learning Engineer,TechNova,Kolkata,1496205,Design and implement modern web interfaces.,"TensorFlow, AWS, Django"
Software Engineer,WebSphere,Delhi,1719108,Looking for a passionate developer to build scalable applications.,"TensorFlow, Machine Learning, Pandas, JavaScript, AWS"
Python Developer,DataCorp,Remote,1117683,Work on cutting-edge technologies and collaborate with a dynamic team.,"React, Pandas, Django, SQL, TensorFlow"
Machine Learning Engineer,WebSphere,Pune,1312127,Develop and maintain high-quality software solutions.,"Django, JavaScript, Machine Learning"
Frontend Developer,WebSphere,Hyderabad,923662,Work on cutting-edge technologies and collaborate with a dynamic team.,"Python, Docker, SQL, React"
Backend Developer,Cloudify,Pune,1901960,Develop and maintain high-quality software solutions.,"Python, Django, TensorFlow, JavaScript"
UI/UX Designer,DataCorp,Mumbai,2356036,Analyze data and build predictive models.,"JavaScript, TensorFlow, AWS, SQL"
Frontend Developer,ByteForge,Mumbai,592886,Work on cutting-edge technologies and collaborate with a dynamic team.,"Python, TensorFlow, JavaScript"
UI/UX Designer,CodeWorks,Bangalore,1228878,Design and implement modern web interfaces.,"SQL, React, JavaScript, AWS, Python"
UI/UX Designer,TechNova,Hyderabad,2031720,Develop and maintain high-quality software solutions.,"React, Machine Learning, Python, Pandas"
Python Developer,TechNova,Hyderabad,1894415,Design and implement modern web interfaces.,"SQL, TensorFlow, Django, JavaScript"
Python Developer,AI Solutions,Remote,1467830,Looking for a passionate developer to build scalable applications.,"React, Machine Learning, Django, Python"
Software Engineer,AI Solutions,Delhi,2002768,Develop and maintain high-quality software solutions.,"Machine Learning, AWS, Docker"
Data Analyst,CodeWorks,Bangalore,1185238,Design and implement modern web interfaces.,"Docker, Django, Pandas"
Frontend Developer,ByteForge,Kolkata,2474951,Looking for a passionate developer to build scalable applications.,"JavaScript, Python, AWS, Django"
DevOps Engineer,NextGen Labs,Chennai,1227093,Looking for a passionate developer to build scalable applications.,"React, JavaScript, Pandas, Django, AWS"
UI/UX Designer,TechNova,Delhi,930764,Design and implement modern web interfaces.,"React, Docker, SQL"
Data Scientist,WebSphere,Delhi,1883812,Analyze data and build predictive models.,"SQL, Python, JavaScript, Pandas, TensorFlow"
Data Analyst,NextGen Labs,Pune,2056747,Develop and maintain high-quality software solutions.,"JavaScript, Pandas, Machine Learning, Django, Python"
Frontend Developer,ByteForge,Pune,1607471,Design and implement modern web interfaces.,"Machine Learning, Django, AWS, SQL"
Python Developer,Cloudify,Kolkata,1637553,Develop and maintain high-quality software solutions.,"Pandas, TensorFlow, AWS, JavaScript"
UI/UX Designer,InnoSoft,Chennai,569625,Analyze data and build predictive models.,"React, Django, TensorFlow, JavaScript, Machine Learning"
Frontend Developer,InnoSoft,Chennai,1275413,Develop and maintain high-quality software solutions.,"JavaScript, TensorFlow, React"
Software Engineer,AlgoEdge,Hyderabad,1454213,Work on cutting-edge technologies and collaborate with a dynamic team.,"Machine Learning, Django, AWS, Docker, JavaScript"
Data Analyst,AlgoEdge,Pune,1990356,Looking for a passionate developer to build scalable applications.,"AWS, Django, Pandas"
Frontend Developer,Cloudify,Chennai,1285381,Work on cutting-edge technologies and collaborate with a dynamic team.,"Docker, Python, AWS"
DevOps Engineer,ByteForge,Delhi,310864,Develop and maintain high-quality software solutions.,"Machine Learning, Python, AWS, TensorFlow, SQL"
Frontend Developer,TechNova,Delhi,1990386,Looking for a passionate developer to build scalable applications.,"Pandas, Django, TensorFlow, Machine Learning, AWS"
Machine Learning Engineer,Cloudify,Chennai,2499091,Develop and maintain high-quality software solutions.,"AWS, Python, TensorFlow, SQL, Machine Learning"
Backend Developer,AI Solutions,Remote,1555380,Looking for a passionate developer to build scalable applications.,"AWS, React, SQL"
Data Scientist,Cloudify,Hyderabad,2040600,Develop and maintain high-quality software solutions.,"JavaScript, Docker, Pandas, Django"
Frontend Developer,AlgoEdge,Bangalore,1541554,Design and implement modern web interfaces.,"TensorFlow, SQL, React, Django, Docker"
Frontend Developer,TechNova,Chennai,1835738,Looking for a passionate developer to build scalable applications.,"Machine Learning, Pandas, React"
Python Developer,WebSphere,Delhi,349994,Develop and maintain high-quality software solutions.,"Django, Machine Learning, TensorFlow, Python, React"
Machine Learning Engineer,ByteForge,Remote,1969366,Work on cutting-edge technologies and collaborate with a dynamic team.,"JavaScript, Docker, AWS, Python, Django"
Data Scientist,WebSphere,Kolkata,2004150,Analyze data and build predictive models.,"SQL, Django, AWS"
Machine Learning Engineer,AI Solutions,Mumbai,2383880,Looking for a passionate developer to build scalable applications.,"React, SQL, AWS, Docker, JavaScript"
Python Developer,AI Solutions,Bangalore,2101497,Looking for a passionate developer to build scalable applications.,"TensorFlow, Django, Machine Learning"
Software Engineer,InnoSoft,Mumbai,1029901,Design and implement modern web interfaces.,"Docker, JavaScript, React, SQL, Python"
Full Stack Developer,WebSphere,Chennai,2424623,Looking for a passionate developer to build scalable applications.,"Docker, Machine Learning, TensorFlow, Python, AWS"
Software Engineer,NextGen Labs,Chennai,964353,Develop and maintain high-quality software solutions.,"React, Pandas, JavaScript, Machine Learning"
DevOps Engineer,Cloudify,Hyderabad,531627,Analyze data and build predictive models.,"Python, TensorFlow, AWS"
Data Scientist,Cloudify,Hyderabad,2240755,Develop and maintain high-quality software solutions.,"Django, SQL, Machine Learning"
Data Scientist,AlgoEdge,Kolkata,2466125,Looking for a passionate developer to build scalable applications.,"Python, Docker, TensorFlow"
Python Developer,AlgoEdge,Pune,2071260,Analyze data and build predictive models.,"Docker, JavaScript, Django, AWS"
Software Engineer,WebSphere,Hyderabad,2159489,Analyze data and build predictive models.,"Django, AWS, React, JavaScript, SQL"
Backend Developer,AI Solutions,Chennai,1709574,Looking for a passionate developer to build scalable applications.,"TensorFlow, Machine Learning, AWS, Pandas, SQL"
Full Stack Developer,TechNova,Delhi,2411858,Work on cutting-edge technologies and collaborate with a dynamic team.,"Pandas, Django, AWS"
UI/UX Designer,AI Solutions,Hyderabad,2452081,Develop and maintain high-quality software solutions.,"Docker, JavaScript, Python, Django"
Backend Developer,WebSphere,Chennai,1881400,Develop and maintain high-quality software solutions.,"Docker, React, TensorFlow"
Data Scientist,WebSphere,Kolkata,1292879,Looking for a passionate developer to build scalable applications.,"React, Machine Learning, TensorFlow"
Frontend Developer,ByteForge,Pune,2394145,Work on cutting-edge technologies and collaborate with a dynamic team.,"Pandas, Docker, TensorFlow"
Software Engineer,WebSphere,Delhi,1687232,Looking for a passionate developer to build scalable applications.,"TensorFlow, AWS, JavaScript"
Data Analyst,Cloudify,Chennai,756800,Design and implement modern web interfaces.,"TensorFlow, Docker, React, SQL, Python"
Backend Developer,ByteForge,Remote,1034687,Analyze data and build predictive models.,"Django, Pandas, Python, SQL"
UI/UX Designer,ByteForge,Remote,2356231,Analyze data and build predictive models.,"Django, Machine Learning, AWS, JavaScript, TensorFlow"
Software Engineer,CodeWorks,Pune,435152,Looking for a passionate developer to build scalable applications.,"Django, Docker, Machine Learning"
Machine Learning Engineer,CodeWorks,Remote,1857771,Analyze data and build predictive models.,"SQL, Pandas, Python"
Software Engineer,NextGen Labs,Bangalore,394950,Looking for a passionate developer to build scalable applications.,"React, Docker, SQL, Machine Learning, AWS"
Data Scientist,Cloudify,Mumbai,1116188,Develop and maintain high-quality software solutions.,"Docker, Machine Learning, TensorFlow"
Backend Developer,CodeWorks,Kolkata,1925936,Work on cutting-edge technologies and collaborate with a dynamic team.,"TensorFlow, Docker, Django"
Full Stack Developer,Cloudify,Pune,631893,Design and implement modern web interfaces.,"JavaScript, Docker, Pandas"
Backend Developer,NextGen Labs,Mumbai,1693908,Analyze data and build predictive models.,"Docker, TensorFlow, Pandas"
DevOps Engineer,AlgoEdge,Delhi,2465606,Design and implement modern web interfaces.,"SQL, Django, Pandas, Machine Learning"
UI/UX Designer,TechNova,Kolkata,359368,Work on cutting-edge technologies and collaborate with a dynamic team.,"TensorFlow, React, Pandas"
DevOps Engineer,AlgoEdge,Chennai,2352076,Develop and maintain high-quality software solutions.,"JavaScript, React, Django, AWS"
Machine Learning Engineer,TechNova,Mumbai,478197,Analyze data and build predictive models.,"AWS, Docker, SQL, JavaScript"
Backend Developer,AI Solutions,Kolkata,1788159,Looking for a passionate developer to build scalable applications.,"React, TensorFlow, Django"
UI/UX Designer,AlgoEdge,Remote,902416,Design and implement modern web interfaces.,"SQL, AWS, Pandas, Django, Docker"
Python Developer,NextGen Labs,Delhi,1127546,Design and implement modern web interfaces.,"Django, AWS, Machine Learning, Docker, React"
Full Stack Developer,AI Solutions,Remote,1716112,Develop and maintain high-quality software solutions.,"AWS, Machine Learning, Django, JavaScript"
Machine Learning Engineer,Cloudify,Delhi,2210861,Analyze data and build predictive models.,"Django, JavaScript, Machine Learning"
DevOps Engineer,Cloudify,Mumbai,1714278,Looking for a passionate developer to build scalable applications.,"Docker, TensorFlow, Django"
Backend Developer,NextGen Labs,Delhi,1963561,Work on cutting-edge technologies and collaborate with a dynamic team.,"React, JavaScript, TensorFlow, Django"
UI/UX Designer,CodeWorks,Remote,333391,Design and implement modern web interfaces.,"Pandas, Machine Learning, JavaScript, Python, SQL"
DevOps Engineer,ByteForge,Hyderabad,620147,Work on cutting-edge technologies and collaborate with a dynamic team.,"SQL, React, Pandas, Docker"
Data Analyst,InnoSoft,Remote,2325272,Develop and maintain high-quality software solutions.,"Machine Learning, Django, TensorFlow"
Data Analyst,ByteForge,Hyderabad,2482261,Develop and maintain high-quality software solutions.,"TensorFlow, Pandas, JavaScript"
UI/UX Designer,NextGen Labs,Delhi,1999910,Analyze data and build predictive models.,"TensorFlow, Pandas, SQL, React"
Backend Developer,TechNova,Mumbai,1815150,Work on cutting-edge technologies and collaborate with a dynamic team.,"React, JavaScript, Machine Learning, AWS, Django"
Software Engineer,TechNova,Delhi,2371753,Analyze data and build predictive models.,"JavaScript, AWS, Pandas"
Frontend Developer,NextGen Labs,Hyderabad,1401593,Design and implement modern web interfaces.,"Pandas, Machine Learning, JavaScript"